name_muni,abbrev_state,capital,ano,value,code_muni,code_state
Aracaju,SE,Aracaju - Se,2000,130268,2800308,28
Aracaju,SE,Aracaju - Se,2020,208303,2800308,28
Aracaju,SE,Aracaju - Se,2019,185122,2800308,28
Aracaju,SE,Aracaju - Se,2018,214373,2800308,28
Aracaju,SE,Aracaju - Se,2017,216126,2800308,28
Aracaju,SE,Aracaju - Se,2016,218025,2800308,28
Aracaju,SE,Aracaju - Se,2015,219064,2800308,28
Aracaju,SE,Aracaju - Se,2014,234200,2800308,28
Aracaju,SE,Aracaju - Se,2013,224587,2800308,28
Aracaju,SE,Aracaju - Se,2012,221813,2800308,28
Aracaju,SE,Aracaju - Se,2011,216226,2800308,28
Aracaju,SE,Aracaju - Se,2010,208667,2800308,28
Aracaju,SE,Aracaju - Se,2009,195162,2800308,28
Aracaju,SE,Aracaju - Se,2008,184129,2800308,28
Aracaju,SE,Aracaju - Se,2007,187886,2800308,28
Aracaju,SE,Aracaju - Se,2006,179102,2800308,28
Aracaju,SE,Aracaju - Se,2005,163190,2800308,28
Aracaju,SE,Aracaju - Se,2004,152594,2800308,28
Aracaju,SE,Aracaju - Se,2003,146361,2800308,28
Aracaju,SE,Aracaju - Se,2002,143951,2800308,28
Aracaju,SE,Aracaju - Se,2001,133097,2800308,28
Belo Horizonte,MG,Belo Horizonte - Mg,2000,916238,3106200,31
Belo Horizonte,MG,Belo Horizonte - Mg,2020,1203945,3106200,31
Belo Horizonte,MG,Belo Horizonte - Mg,2019,1200871,3106200,31
Belo Horizonte,MG,Belo Horizonte - Mg,2018,1179500,3106200,31
Belo Horizonte,MG,Belo Horizonte - Mg,2017,1177785,3106200,31
Belo Horizonte,MG,Belo Horizonte - Mg,2016,1176985,3106200,31
Belo Horizonte,MG,Belo Horizonte - Mg,2015,1216511,3106200,31
Belo Horizonte,MG,Belo Horizonte - Mg,2014,1354683,3106200,31
Belo Horizonte,MG,Belo Horizonte - Mg,2013,1377682,3106200,31
Belo Horizonte,MG,Belo Horizonte - Mg,2012,1411147,3106200,31
Belo Horizonte,MG,Belo Horizonte - Mg,2011,1370942,3106200,31
Belo Horizonte,MG,Belo Horizonte - Mg,2010,1356769,3106200,31
Belo Horizonte,MG,Belo Horizonte - Mg,2009,1285608,3106200,31
Belo Horizonte,MG,Belo Horizonte - Mg,2008,1265316,3106200,31
Belo Horizonte,MG,Belo Horizonte - Mg,2007,1215157,3106200,31
Belo Horizonte,MG,Belo Horizonte - Mg,2006,1079244,3106200,31
Belo Horizonte,MG,Belo Horizonte - Mg,2005,1072389,3106200,31
Belo Horizonte,MG,Belo Horizonte - Mg,2004,997273,3106200,31
Belo Horizonte,MG,Belo Horizonte - Mg,2003,940846,3106200,31
Belo Horizonte,MG,Belo Horizonte - Mg,2002,927121,3106200,31
Belo Horizonte,MG,Belo Horizonte - Mg,2001,896256,3106200,31
Bel√©m,PA,BelÈm - Pa,2000,261569,1501402,15
Bel√©m,PA,BelÈm - Pa,2020,398714,1501402,15
Bel√©m,PA,BelÈm - Pa,2019,396699,1501402,15
Bel√©m,PA,BelÈm - Pa,2018,409277,1501402,15
Bel√©m,PA,BelÈm - Pa,2017,398223,1501402,15
Bel√©m,PA,BelÈm - Pa,2016,408053,1501402,15
Bel√©m,PA,BelÈm - Pa,2015,416999,1501402,15
Bel√©m,PA,BelÈm - Pa,2014,423896,1501402,15
Bel√©m,PA,BelÈm - Pa,2013,439501,1501402,15
Bel√©m,PA,BelÈm - Pa,2012,409942,1501402,15
Bel√©m,PA,BelÈm - Pa,2011,420023,1501402,15
Bel√©m,PA,BelÈm - Pa,2010,391168,1501402,15
Bel√©m,PA,BelÈm - Pa,2009,357645,1501402,15
Bel√©m,PA,BelÈm - Pa,2008,357877,1501402,15
Bel√©m,PA,BelÈm - Pa,2007,331791,1501402,15
Bel√©m,PA,BelÈm - Pa,2006,315601,1501402,15
Bel√©m,PA,BelÈm - Pa,2005,294983,1501402,15
Bel√©m,PA,BelÈm - Pa,2004,286530,1501402,15
Bel√©m,PA,BelÈm - Pa,2003,275925,1501402,15
Bel√©m,PA,BelÈm - Pa,2002,278447,1501402,15
Bel√©m,PA,BelÈm - Pa,2001,265545,1501402,15
Boa Vista,RR,Boa Vista - Rr,2000,22541,1400100,14
Boa Vista,RR,Boa Vista - Rr,2020,90994,1400100,14
Boa Vista,RR,Boa Vista - Rr,2019,89105,1400100,14
Boa Vista,RR,Boa Vista - Rr,2018,86846,1400100,14
Boa Vista,RR,Boa Vista - Rr,2017,88216,1400100,14
Boa Vista,RR,Boa Vista - Rr,2016,84644,1400100,14
Boa Vista,RR,Boa Vista - Rr,2015,86403,1400100,14
Boa Vista,RR,Boa Vista - Rr,2014,83797,1400100,14
Boa Vista,RR,Boa Vista - Rr,2013,81669,1400100,14
Boa Vista,RR,Boa Vista - Rr,2012,84834,1400100,14
Boa Vista,RR,Boa Vista - Rr,2011,83023,1400100,14
Boa Vista,RR,Boa Vista - Rr,2010,70034,1400100,14
Boa Vista,RR,Boa Vista - Rr,2009,67685,1400100,14
Boa Vista,RR,Boa Vista - Rr,2008,46440,1400100,14
Boa Vista,RR,Boa Vista - Rr,2007,41185,1400100,14
Boa Vista,RR,Boa Vista - Rr,2006,34490,1400100,14
Boa Vista,RR,Boa Vista - Rr,2005,31055,1400100,14
Boa Vista,RR,Boa Vista - Rr,2004,21759,1400100,14
Boa Vista,RR,Boa Vista - Rr,2003,26568,1400100,14
Boa Vista,RR,Boa Vista - Rr,2002,27561,1400100,14
Boa Vista,RR,Boa Vista - Rr,2001,26133,1400100,14
Bras√≠lia,DF,BrasÌlia - Df,2000,812361,5300108,53
Bras√≠lia,DF,BrasÌlia - Df,2020,1238408,5300108,53
Bras√≠lia,DF,BrasÌlia - Df,2019,1067615,5300108,53
Bras√≠lia,DF,BrasÌlia - Df,2018,1193098,5300108,53
Bras√≠lia,DF,BrasÌlia - Df,2017,1246729,5300108,53
Bras√≠lia,DF,BrasÌlia - Df,2016,1250750,5300108,53
Bras√≠lia,DF,BrasÌlia - Df,2015,1263872,5300108,53
Bras√≠lia,DF,BrasÌlia - Df,2014,1321828,5300108,53
Bras√≠lia,DF,BrasÌlia - Df,2013,1302284,5300108,53
Bras√≠lia,DF,BrasÌlia - Df,2012,1181649,5300108,53
Bras√≠lia,DF,BrasÌlia - Df,2011,1156908,5300108,53
Bras√≠lia,DF,BrasÌlia - Df,2010,1099832,5300108,53
Bras√≠lia,DF,BrasÌlia - Df,2009,1062241,5300108,53
Bras√≠lia,DF,BrasÌlia - Df,2008,1001083,5300108,53
Bras√≠lia,DF,BrasÌlia - Df,2007,944664,5300108,53
Bras√≠lia,DF,BrasÌlia - Df,2006,916929,5300108,53
Bras√≠lia,DF,BrasÌlia - Df,2005,891709,5300108,53
Bras√≠lia,DF,BrasÌlia - Df,2004,854463,5300108,53
Bras√≠lia,DF,BrasÌlia - Df,2003,810122,5300108,53
Bras√≠lia,DF,BrasÌlia - Df,2002,813591,5300108,53
Bras√≠lia,DF,BrasÌlia - Df,2001,781380,5300108,53
Campo Grande,MS,Campo Grande - Ms,2000,152114,5002704,50
Campo Grande,MS,Campo Grande - Ms,2020,271224,5002704,50
Campo Grande,MS,Campo Grande - Ms,2019,271481,5002704,50
Campo Grande,MS,Campo Grande - Ms,2018,270871,5002704,50
Campo Grande,MS,Campo Grande - Ms,2017,264839,5002704,50
Campo Grande,MS,Campo Grande - Ms,2016,264741,5002704,50
Campo Grande,MS,Campo Grande - Ms,2015,275176,5002704,50
Campo Grande,MS,Campo Grande - Ms,2014,281596,5002704,50
Campo Grande,MS,Campo Grande - Ms,2013,273385,5002704,50
Campo Grande,MS,Campo Grande - Ms,2012,265828,5002704,50
Campo Grande,MS,Campo Grande - Ms,2011,267145,5002704,50
Campo Grande,MS,Campo Grande - Ms,2010,253488,5002704,50
Campo Grande,MS,Campo Grande - Ms,2009,237113,5002704,50
Campo Grande,MS,Campo Grande - Ms,2008,228090,5002704,50
Campo Grande,MS,Campo Grande - Ms,2007,215858,5002704,50
Campo Grande,MS,Campo Grande - Ms,2006,205060,5002704,50
Campo Grande,MS,Campo Grande - Ms,2005,196839,5002704,50
Campo Grande,MS,Campo Grande - Ms,2004,179488,5002704,50
Campo Grande,MS,Campo Grande - Ms,2003,169457,5002704,50
Campo Grande,MS,Campo Grande - Ms,2002,170479,5002704,50
Campo Grande,MS,Campo Grande - Ms,2001,157253,5002704,50
Cuiab√°,MT,Cuiab· - Mt,2000,119749,5103403,51
Cuiab√°,MT,Cuiab· - Mt,2020,239706,5103403,51
Cuiab√°,MT,Cuiab· - Mt,2019,247101,5103403,51
Cuiab√°,MT,Cuiab· - Mt,2018,244752,5103403,51
Cuiab√°,MT,Cuiab· - Mt,2017,237432,5103403,51
Cuiab√°,MT,Cuiab· - Mt,2016,234572,5103403,51
Cuiab√°,MT,Cuiab· - Mt,2015,243802,5103403,51
Cuiab√°,MT,Cuiab· - Mt,2014,248236,5103403,51
Cuiab√°,MT,Cuiab· - Mt,2013,245040,5103403,51
Cuiab√°,MT,Cuiab· - Mt,2012,242460,5103403,51
Cuiab√°,MT,Cuiab· - Mt,2011,227979,5103403,51
Cuiab√°,MT,Cuiab· - Mt,2010,215143,5103403,51
Cuiab√°,MT,Cuiab· - Mt,2009,204915,5103403,51
Cuiab√°,MT,Cuiab· - Mt,2008,198429,5103403,51
Cuiab√°,MT,Cuiab· - Mt,2007,205690,5103403,51
Cuiab√°,MT,Cuiab· - Mt,2006,186519,5103403,51
Cuiab√°,MT,Cuiab· - Mt,2005,173166,5103403,51
Cuiab√°,MT,Cuiab· - Mt,2004,157616,5103403,51
Cuiab√°,MT,Cuiab· - Mt,2003,136029,5103403,51
Cuiab√°,MT,Cuiab· - Mt,2002,132274,5103403,51
Cuiab√°,MT,Cuiab· - Mt,2001,120489,5103403,51
Curitiba,PR,Curitiba - Pr,2000,568581,4106902,41
Curitiba,PR,Curitiba - Pr,2020,863805,4106902,41
Curitiba,PR,Curitiba - Pr,2019,899181,4106902,41
Curitiba,PR,Curitiba - Pr,2018,883930,4106902,41
Curitiba,PR,Curitiba - Pr,2017,863148,4106902,41
Curitiba,PR,Curitiba - Pr,2016,882611,4106902,41
Curitiba,PR,Curitiba - Pr,2015,914006,4106902,41
Curitiba,PR,Curitiba - Pr,2014,943667,4106902,41
Curitiba,PR,Curitiba - Pr,2013,936159,4106902,41
Curitiba,PR,Curitiba - Pr,2012,967397,4106902,41
Curitiba,PR,Curitiba - Pr,2011,898099,4106902,41
Curitiba,PR,Curitiba - Pr,2010,848850,4106902,41
Curitiba,PR,Curitiba - Pr,2009,833585,4106902,41
Curitiba,PR,Curitiba - Pr,2008,771798,4106902,41
Curitiba,PR,Curitiba - Pr,2007,738441,4106902,41
Curitiba,PR,Curitiba - Pr,2006,716519,4106902,41
Curitiba,PR,Curitiba - Pr,2005,648706,4106902,41
Curitiba,PR,Curitiba - Pr,2004,633869,4106902,41
Curitiba,PR,Curitiba - Pr,2003,583094,4106902,41
Curitiba,PR,Curitiba - Pr,2002,585972,4106902,41
Curitiba,PR,Curitiba - Pr,2001,572772,4106902,41
Florian√≥polis,SC,FlorianÛpolis - Sc,2000,167647,4205407,42
Florian√≥polis,SC,FlorianÛpolis - Sc,2020,293937,4205407,42
Florian√≥polis,SC,FlorianÛpolis - Sc,2019,288294,4205407,42
Florian√≥polis,SC,FlorianÛpolis - Sc,2018,279325,4205407,42
Florian√≥polis,SC,FlorianÛpolis - Sc,2017,277677,4205407,42
Florian√≥polis,SC,FlorianÛpolis - Sc,2016,283013,4205407,42
Florian√≥polis,SC,FlorianÛpolis - Sc,2015,277290,4205407,42
Florian√≥polis,SC,FlorianÛpolis - Sc,2014,288502,4205407,42
Florian√≥polis,SC,FlorianÛpolis - Sc,2013,277741,4205407,42
Florian√≥polis,SC,FlorianÛpolis - Sc,2012,270709,4205407,42
Florian√≥polis,SC,FlorianÛpolis - Sc,2011,262179,4205407,42
Florian√≥polis,SC,FlorianÛpolis - Sc,2010,254222,4205407,42
Florian√≥polis,SC,FlorianÛpolis - Sc,2009,243316,4205407,42
Florian√≥polis,SC,FlorianÛpolis - Sc,2008,244253,4205407,42
Florian√≥polis,SC,FlorianÛpolis - Sc,2007,236040,4205407,42
Florian√≥polis,SC,FlorianÛpolis - Sc,2006,226597,4205407,42
Florian√≥polis,SC,FlorianÛpolis - Sc,2005,208079,4205407,42
Florian√≥polis,SC,FlorianÛpolis - Sc,2004,196583,4205407,42
Florian√≥polis,SC,FlorianÛpolis - Sc,2003,182630,4205407,42
Florian√≥polis,SC,FlorianÛpolis - Sc,2002,179146,4205407,42
Florian√≥polis,SC,FlorianÛpolis - Sc,2001,171380,4205407,42
Fortaleza,CE,Fortaleza - Ce,2000,413938,2304400,23
Fortaleza,CE,Fortaleza - Ce,2020,754360,2304400,23
Fortaleza,CE,Fortaleza - Ce,2019,759294,2304400,23
Fortaleza,CE,Fortaleza - Ce,2018,768412,2304400,23
Fortaleza,CE,Fortaleza - Ce,2017,773125,2304400,23
Fortaleza,CE,Fortaleza - Ce,2016,773033,2304400,23
Fortaleza,CE,Fortaleza - Ce,2015,823674,2304400,23
Fortaleza,CE,Fortaleza - Ce,2014,838280,2304400,23
Fortaleza,CE,Fortaleza - Ce,2013,806143,2304400,23
Fortaleza,CE,Fortaleza - Ce,2012,800045,2304400,23
Fortaleza,CE,Fortaleza - Ce,2011,767017,2304400,23
Fortaleza,CE,Fortaleza - Ce,2010,725525,2304400,23
Fortaleza,CE,Fortaleza - Ce,2009,660745,2304400,23
Fortaleza,CE,Fortaleza - Ce,2008,614690,2304400,23
Fortaleza,CE,Fortaleza - Ce,2007,560475,2304400,23
Fortaleza,CE,Fortaleza - Ce,2006,522794,2304400,23
Fortaleza,CE,Fortaleza - Ce,2005,496545,2304400,23
Fortaleza,CE,Fortaleza - Ce,2004,463172,2304400,23
Fortaleza,CE,Fortaleza - Ce,2003,445716,2304400,23
Fortaleza,CE,Fortaleza - Ce,2002,440636,2304400,23
Fortaleza,CE,Fortaleza - Ce,2001,422344,2304400,23
Goi√¢nia,GO,Goi‚nia - Go,2000,325547,5208707,52
Goi√¢nia,GO,Goi‚nia - Go,2020,562566,5208707,52
Goi√¢nia,GO,Goi‚nia - Go,2019,575872,5208707,52
Goi√¢nia,GO,Goi‚nia - Go,2018,591008,5208707,52
Goi√¢nia,GO,Goi‚nia - Go,2017,601892,5208707,52
Goi√¢nia,GO,Goi‚nia - Go,2016,581541,5208707,52
Goi√¢nia,GO,Goi‚nia - Go,2015,599401,5208707,52
Goi√¢nia,GO,Goi‚nia - Go,2014,608119,5208707,52
Goi√¢nia,GO,Goi‚nia - Go,2013,614240,5208707,52
Goi√¢nia,GO,Goi‚nia - Go,2012,606571,5208707,52
Goi√¢nia,GO,Goi‚nia - Go,2011,576241,5208707,52
Goi√¢nia,GO,Goi‚nia - Go,2010,558901,5208707,52
Goi√¢nia,GO,Goi‚nia - Go,2009,509775,5208707,52
Goi√¢nia,GO,Goi‚nia - Go,2008,486279,5208707,52
Goi√¢nia,GO,Goi‚nia - Go,2007,450843,5208707,52
Goi√¢nia,GO,Goi‚nia - Go,2006,442332,5208707,52
Goi√¢nia,GO,Goi‚nia - Go,2005,416506,5208707,52
Goi√¢nia,GO,Goi‚nia - Go,2004,394325,5208707,52
Goi√¢nia,GO,Goi‚nia - Go,2003,378494,5208707,52
Goi√¢nia,GO,Goi‚nia - Go,2002,370431,5208707,52
Goi√¢nia,GO,Goi‚nia - Go,2001,349436,5208707,52
Jo√£o Pessoa,PB,Jo„o Pessoa - Pb,2000,170410,2507507,25
Jo√£o Pessoa,PB,Jo„o Pessoa - Pb,2020,268526,2507507,25
Jo√£o Pessoa,PB,Jo„o Pessoa - Pb,2019,269392,2507507,25
Jo√£o Pessoa,PB,Jo„o Pessoa - Pb,2018,265079,2507507,25
Jo√£o Pessoa,PB,Jo„o Pessoa - Pb,2017,268291,2507507,25
Jo√£o Pessoa,PB,Jo„o Pessoa - Pb,2016,276226,2507507,25
Jo√£o Pessoa,PB,Jo„o Pessoa - Pb,2015,291292,2507507,25
Jo√£o Pessoa,PB,Jo„o Pessoa - Pb,2014,302603,2507507,25
Jo√£o Pessoa,PB,Jo„o Pessoa - Pb,2013,296124,2507507,25
Jo√£o Pessoa,PB,Jo„o Pessoa - Pb,2012,293220,2507507,25
Jo√£o Pessoa,PB,Jo„o Pessoa - Pb,2011,281584,2507507,25
Jo√£o Pessoa,PB,Jo„o Pessoa - Pb,2010,272668,2507507,25
Jo√£o Pessoa,PB,Jo„o Pessoa - Pb,2009,253564,2507507,25
Jo√£o Pessoa,PB,Jo„o Pessoa - Pb,2008,236734,2507507,25
Jo√£o Pessoa,PB,Jo„o Pessoa - Pb,2007,220564,2507507,25
Jo√£o Pessoa,PB,Jo„o Pessoa - Pb,2006,209992,2507507,25
Jo√£o Pessoa,PB,Jo„o Pessoa - Pb,2005,195267,2507507,25
Jo√£o Pessoa,PB,Jo„o Pessoa - Pb,2004,186447,2507507,25
Jo√£o Pessoa,PB,Jo„o Pessoa - Pb,2003,184853,2507507,25
Jo√£o Pessoa,PB,Jo„o Pessoa - Pb,2002,183289,2507507,25
Jo√£o Pessoa,PB,Jo„o Pessoa - Pb,2001,182316,2507507,25
Macap√°,AP,Macap· - Ap,2000,41033,1600303,16
Macap√°,AP,Macap· - Ap,2020,105623,1600303,16
Macap√°,AP,Macap· - Ap,2019,107204,1600303,16
Macap√°,AP,Macap· - Ap,2018,108958,1600303,16
Macap√°,AP,Macap· - Ap,2017,105653,1600303,16
Macap√°,AP,Macap· - Ap,2016,107318,1600303,16
Macap√°,AP,Macap· - Ap,2015,98261,1600303,16
Macap√°,AP,Macap· - Ap,2014,106177,1600303,16
Macap√°,AP,Macap· - Ap,2013,101859,1600303,16
Macap√°,AP,Macap· - Ap,2012,99127,1600303,16
Macap√°,AP,Macap· - Ap,2011,96596,1600303,16
Macap√°,AP,Macap· - Ap,2010,88053,1600303,16
Macap√°,AP,Macap· - Ap,2009,86667,1600303,16
Macap√°,AP,Macap· - Ap,2008,80858,1600303,16
Macap√°,AP,Macap· - Ap,2007,70788,1600303,16
Macap√°,AP,Macap· - Ap,2006,66300,1600303,16
Macap√°,AP,Macap· - Ap,2005,62839,1600303,16
Macap√°,AP,Macap· - Ap,2004,60123,1600303,16
Macap√°,AP,Macap· - Ap,2003,53959,1600303,16
Macap√°,AP,Macap· - Ap,2002,48426,1600303,16
Macap√°,AP,Macap· - Ap,2001,39430,1600303,16
Macei√≥,AL,MaceiÛ - Al,2000,136706,2704302,27
Macei√≥,AL,MaceiÛ - Al,2020,246524,2704302,27
Macei√≥,AL,MaceiÛ - Al,2019,251076,2704302,27
Macei√≥,AL,MaceiÛ - Al,2018,248353,2704302,27
Macei√≥,AL,MaceiÛ - Al,2017,251800,2704302,27
Macei√≥,AL,MaceiÛ - Al,2016,256236,2704302,27
Macei√≥,AL,MaceiÛ - Al,2015,264942,2704302,27
Macei√≥,AL,MaceiÛ - Al,2014,268701,2704302,27
Macei√≥,AL,MaceiÛ - Al,2013,261525,2704302,27
Macei√≥,AL,MaceiÛ - Al,2012,259697,2704302,27
Macei√≥,AL,MaceiÛ - Al,2011,245222,2704302,27
Macei√≥,AL,MaceiÛ - Al,2010,231453,2704302,27
Macei√≥,AL,MaceiÛ - Al,2009,216112,2704302,27
Macei√≥,AL,MaceiÛ - Al,2008,204112,2704302,27
Macei√≥,AL,MaceiÛ - Al,2007,192260,2704302,27
Macei√≥,AL,MaceiÛ - Al,2006,187253,2704302,27
Macei√≥,AL,MaceiÛ - Al,2005,178208,2704302,27
Macei√≥,AL,MaceiÛ - Al,2004,163624,2704302,27
Macei√≥,AL,MaceiÛ - Al,2003,144397,2704302,27
Macei√≥,AL,MaceiÛ - Al,2002,148256,2704302,27
Macei√≥,AL,MaceiÛ - Al,2001,141214,2704302,27
Manaus,AM,Manaus - Am,2000,226503,1302603,13
Manaus,AM,Manaus - Am,2020,499911,1302603,13
Manaus,AM,Manaus - Am,2019,488720,1302603,13
Manaus,AM,Manaus - Am,2018,488463,1302603,13
Manaus,AM,Manaus - Am,2017,485033,1302603,13
Manaus,AM,Manaus - Am,2016,486929,1302603,13
Manaus,AM,Manaus - Am,2015,517918,1302603,13
Manaus,AM,Manaus - Am,2014,550327,1302603,13
Manaus,AM,Manaus - Am,2013,557950,1302603,13
Manaus,AM,Manaus - Am,2012,535702,1302603,13
Manaus,AM,Manaus - Am,2011,513938,1302603,13
Manaus,AM,Manaus - Am,2010,492429,1302603,13
Manaus,AM,Manaus - Am,2009,436647,1302603,13
Manaus,AM,Manaus - Am,2008,440469,1302603,13
Manaus,AM,Manaus - Am,2007,414439,1302603,13
Manaus,AM,Manaus - Am,2006,381580,1302603,13
Manaus,AM,Manaus - Am,2005,358301,1302603,13
Manaus,AM,Manaus - Am,2004,326117,1302603,13
Manaus,AM,Manaus - Am,2003,282703,1302603,13
Manaus,AM,Manaus - Am,2002,260690,1302603,13
Manaus,AM,Manaus - Am,2001,241236,1302603,13
Natal,RN,Natal - Rn,2000,179137,2408102,24
Natal,RN,Natal - Rn,2020,280871,2408102,24
Natal,RN,Natal - Rn,2019,293617,2408102,24
Natal,RN,Natal - Rn,2018,296216,2408102,24
Natal,RN,Natal - Rn,2017,295852,2408102,24
Natal,RN,Natal - Rn,2016,299600,2408102,24
Natal,RN,Natal - Rn,2015,291889,2408102,24
Natal,RN,Natal - Rn,2014,318710,2408102,24
Natal,RN,Natal - Rn,2013,314373,2408102,24
Natal,RN,Natal - Rn,2012,320671,2408102,24
Natal,RN,Natal - Rn,2011,308803,2408102,24
Natal,RN,Natal - Rn,2010,306064,2408102,24
Natal,RN,Natal - Rn,2009,289337,2408102,24
Natal,RN,Natal - Rn,2008,277870,2408102,24
Natal,RN,Natal - Rn,2007,265639,2408102,24
Natal,RN,Natal - Rn,2006,250582,2408102,24
Natal,RN,Natal - Rn,2005,238313,2408102,24
Natal,RN,Natal - Rn,2004,224540,2408102,24
Natal,RN,Natal - Rn,2003,204590,2408102,24
Natal,RN,Natal - Rn,2002,150339,2408102,24
Natal,RN,Natal - Rn,2001,184548,2408102,24
Palmas,TO,Palmas - To,2000,51817,1721000,17
Palmas,TO,Palmas - To,2020,123749,1721000,17
Palmas,TO,Palmas - To,2019,121027,1721000,17
Palmas,TO,Palmas - To,2018,132322,1721000,17
Palmas,TO,Palmas - To,2017,132783,1721000,17
Palmas,TO,Palmas - To,2016,127901,1721000,17
Palmas,TO,Palmas - To,2015,128919,1721000,17
Palmas,TO,Palmas - To,2014,130442,1721000,17
Palmas,TO,Palmas - To,2013,115888,1721000,17
Palmas,TO,Palmas - To,2012,113827,1721000,17
Palmas,TO,Palmas - To,2011,109193,1721000,17
Palmas,TO,Palmas - To,2010,112915,1721000,17
Palmas,TO,Palmas - To,2009,110148,1721000,17
Palmas,TO,Palmas - To,2008,103820,1721000,17
Palmas,TO,Palmas - To,2007,96272,1721000,17
Palmas,TO,Palmas - To,2006,89819,1721000,17
Palmas,TO,Palmas - To,2005,81463,1721000,17
Palmas,TO,Palmas - To,2004,79343,1721000,17
Palmas,TO,Palmas - To,2003,73702,1721000,17
Palmas,TO,Palmas - To,2002,65193,1721000,17
Palmas,TO,Palmas - To,2001,57782,1721000,17
Porto Alegre,RS,Porto Alegre - Rs,2000,552141,4314902,43
Porto Alegre,RS,Porto Alegre - Rs,2020,651683,4314902,43
Porto Alegre,RS,Porto Alegre - Rs,2019,679506,4314902,43
Porto Alegre,RS,Porto Alegre - Rs,2018,689598,4314902,43
Porto Alegre,RS,Porto Alegre - Rs,2017,699742,4314902,43
Porto Alegre,RS,Porto Alegre - Rs,2016,720604,4314902,43
Porto Alegre,RS,Porto Alegre - Rs,2015,750359,4314902,43
Porto Alegre,RS,Porto Alegre - Rs,2014,780126,4314902,43
Porto Alegre,RS,Porto Alegre - Rs,2013,771089,4314902,43
Porto Alegre,RS,Porto Alegre - Rs,2012,767128,4314902,43
Porto Alegre,RS,Porto Alegre - Rs,2011,741196,4314902,43
Porto Alegre,RS,Porto Alegre - Rs,2010,726098,4314902,43
Porto Alegre,RS,Porto Alegre - Rs,2009,690518,4314902,43
Porto Alegre,RS,Porto Alegre - Rs,2008,674264,4314902,43
Porto Alegre,RS,Porto Alegre - Rs,2007,654270,4314902,43
Porto Alegre,RS,Porto Alegre - Rs,2006,635946,4314902,43
Porto Alegre,RS,Porto Alegre - Rs,2005,594322,4314902,43
Porto Alegre,RS,Porto Alegre - Rs,2004,576272,4314902,43
Porto Alegre,RS,Porto Alegre - Rs,2003,558883,4314902,43
Porto Alegre,RS,Porto Alegre - Rs,2002,553308,4314902,43
Porto Alegre,RS,Porto Alegre - Rs,2001,560680,4314902,43
Porto Velho,RO,Porto Velho - Ro,2000,77113,1100205,11
Porto Velho,RO,Porto Velho - Ro,2020,156348,1100205,11
Porto Velho,RO,Porto Velho - Ro,2019,156685,1100205,11
Porto Velho,RO,Porto Velho - Ro,2018,158059,1100205,11
Porto Velho,RO,Porto Velho - Ro,2017,163877,1100205,11
Porto Velho,RO,Porto Velho - Ro,2016,164088,1100205,11
Porto Velho,RO,Porto Velho - Ro,2015,174539,1100205,11
Porto Velho,RO,Porto Velho - Ro,2014,188800,1100205,11
Porto Velho,RO,Porto Velho - Ro,2013,189785,1100205,11
Porto Velho,RO,Porto Velho - Ro,2012,195243,1100205,11
Porto Velho,RO,Porto Velho - Ro,2011,191402,1100205,11
Porto Velho,RO,Porto Velho - Ro,2010,184107,1100205,11
Porto Velho,RO,Porto Velho - Ro,2009,155800,1100205,11
Porto Velho,RO,Porto Velho - Ro,2008,130379,1100205,11
Porto Velho,RO,Porto Velho - Ro,2007,118895,1100205,11
Porto Velho,RO,Porto Velho - Ro,2006,111957,1100205,11
Porto Velho,RO,Porto Velho - Ro,2005,105101,1100205,11
Porto Velho,RO,Porto Velho - Ro,2004,101520,1100205,11
Porto Velho,RO,Porto Velho - Ro,2003,90189,1100205,11
Porto Velho,RO,Porto Velho - Ro,2002,86544,1100205,11
Porto Velho,RO,Porto Velho - Ro,2001,72179,1100205,11
Recife,PE,Recife - Pe,2000,453568,2611606,26
Recife,PE,Recife - Pe,2020,636222,2611606,26
Recife,PE,Recife - Pe,2019,639967,2611606,26
Recife,PE,Recife - Pe,2018,655972,2611606,26
Recife,PE,Recife - Pe,2017,662337,2611606,26
Recife,PE,Recife - Pe,2016,678580,2611606,26
Recife,PE,Recife - Pe,2015,706364,2611606,26
Recife,PE,Recife - Pe,2014,756936,2611606,26
Recife,PE,Recife - Pe,2013,755952,2611606,26
Recife,PE,Recife - Pe,2012,736715,2611606,26
Recife,PE,Recife - Pe,2011,699370,2611606,26
Recife,PE,Recife - Pe,2010,670595,2611606,26
Recife,PE,Recife - Pe,2009,618666,2611606,26
Recife,PE,Recife - Pe,2008,577619,2611606,26
Recife,PE,Recife - Pe,2007,538622,2611606,26
Recife,PE,Recife - Pe,2006,506071,2611606,26
Recife,PE,Recife - Pe,2005,487506,2611606,26
Recife,PE,Recife - Pe,2004,456106,2611606,26
Recife,PE,Recife - Pe,2003,432185,2611606,26
Recife,PE,Recife - Pe,2002,437873,2611606,26
Recife,PE,Recife - Pe,2001,429919,2611606,26
Rio Branco,AC,Rio Branco - Ac,2000,53749,1200401,12
Rio Branco,AC,Rio Branco - Ac,2020,100046,1200401,12
Rio Branco,AC,Rio Branco - Ac,2019,92982,1200401,12
Rio Branco,AC,Rio Branco - Ac,2018,94585,1200401,12
Rio Branco,AC,Rio Branco - Ac,2017,99316,1200401,12
Rio Branco,AC,Rio Branco - Ac,2016,98399,1200401,12
Rio Branco,AC,Rio Branco - Ac,2015,105252,1200401,12
Rio Branco,AC,Rio Branco - Ac,2014,104457,1200401,12
Rio Branco,AC,Rio Branco - Ac,2013,101569,1200401,12
Rio Branco,AC,Rio Branco - Ac,2012,99601,1200401,12
Rio Branco,AC,Rio Branco - Ac,2011,96959,1200401,12
Rio Branco,AC,Rio Branco - Ac,2010,96778,1200401,12
Rio Branco,AC,Rio Branco - Ac,2009,84322,1200401,12
Rio Branco,AC,Rio Branco - Ac,2008,79661,1200401,12
Rio Branco,AC,Rio Branco - Ac,2007,75472,1200401,12
Rio Branco,AC,Rio Branco - Ac,2006,69791,1200401,12
Rio Branco,AC,Rio Branco - Ac,2005,65148,1200401,12
Rio Branco,AC,Rio Branco - Ac,2004,61146,1200401,12
Rio Branco,AC,Rio Branco - Ac,2003,57061,1200401,12
Rio Branco,AC,Rio Branco - Ac,2002,57993,1200401,12
Rio Branco,AC,Rio Branco - Ac,2001,56012,1200401,12
Rio De Janeiro,RJ,Rio de Janeiro - Rj,2000,1732918,3304557,33
Rio De Janeiro,RJ,Rio de Janeiro - Rj,2020,2074215,3304557,33
Rio De Janeiro,RJ,Rio de Janeiro - Rj,2019,2197860,3304557,33
Rio De Janeiro,RJ,Rio de Janeiro - Rj,2018,2266154,3304557,33
Rio De Janeiro,RJ,Rio de Janeiro - Rj,2017,2304692,3304557,33
Rio De Janeiro,RJ,Rio de Janeiro - Rj,2016,2381304,3304557,33
Rio De Janeiro,RJ,Rio de Janeiro - Rj,2015,2520718,3304557,33
Rio De Janeiro,RJ,Rio de Janeiro - Rj,2014,2654076,3304557,33
Rio De Janeiro,RJ,Rio de Janeiro - Rj,2013,2614937,3304557,33
Rio De Janeiro,RJ,Rio de Janeiro - Rj,2012,2572044,3304557,33
Rio De Janeiro,RJ,Rio de Janeiro - Rj,2011,2497662,3304557,33
Rio De Janeiro,RJ,Rio de Janeiro - Rj,2010,2348611,3304557,33
Rio De Janeiro,RJ,Rio de Janeiro - Rj,2009,2231333,3304557,33
Rio De Janeiro,RJ,Rio de Janeiro - Rj,2008,2161698,3304557,33
Rio De Janeiro,RJ,Rio de Janeiro - Rj,2007,2174568,3304557,33
Rio De Janeiro,RJ,Rio de Janeiro - Rj,2006,1962014,3304557,33
Rio De Janeiro,RJ,Rio de Janeiro - Rj,2005,1883685,3304557,33
Rio De Janeiro,RJ,Rio de Janeiro - Rj,2004,1824854,3304557,33
Rio De Janeiro,RJ,Rio de Janeiro - Rj,2003,1769158,3304557,33
Rio De Janeiro,RJ,Rio de Janeiro - Rj,2002,1793798,3304557,33
Rio De Janeiro,RJ,Rio de Janeiro - Rj,2001,1744191,3304557,33
Salvador,BA,Salvador - Ba,2000,578657,2927408,29
Salvador,BA,Salvador - Ba,2020,728611,2927408,29
Salvador,BA,Salvador - Ba,2019,694020,2927408,29
Salvador,BA,Salvador - Ba,2018,770251,2927408,29
Salvador,BA,Salvador - Ba,2017,766796,2927408,29
Salvador,BA,Salvador - Ba,2016,762743,2927408,29
Salvador,BA,Salvador - Ba,2015,802284,2927408,29
Salvador,BA,Salvador - Ba,2014,849895,2927408,29
Salvador,BA,Salvador - Ba,2013,796438,2927408,29
Salvador,BA,Salvador - Ba,2012,840300,2927408,29
Salvador,BA,Salvador - Ba,2011,822477,2927408,29
Salvador,BA,Salvador - Ba,2010,796556,2927408,29
Salvador,BA,Salvador - Ba,2009,758599,2927408,29
Salvador,BA,Salvador - Ba,2008,719993,2927408,29
Salvador,BA,Salvador - Ba,2007,688087,2927408,29
Salvador,BA,Salvador - Ba,2006,658145,2927408,29
Salvador,BA,Salvador - Ba,2005,634026,2927408,29
Salvador,BA,Salvador - Ba,2004,588863,2927408,29
Salvador,BA,Salvador - Ba,2003,565376,2927408,29
Salvador,BA,Salvador - Ba,2002,554971,2927408,29
Salvador,BA,Salvador - Ba,2001,544568,2927408,29
S„o LuÌs,MA,S„o Luiz - Ma,2000,172478,2111300,21
S„o LuÌs,MA,S„o Luiz - Ma,2020,345073,2111300,21
S„o LuÌs,MA,S„o Luiz - Ma,2019,344535,2111300,21
S„o LuÌs,MA,S„o Luiz - Ma,2018,340335,2111300,21
S„o LuÌs,MA,S„o Luiz - Ma,2017,329753,2111300,21
S„o LuÌs,MA,S„o Luiz - Ma,2016,331233,2111300,21
S„o LuÌs,MA,S„o Luiz - Ma,2015,332974,2111300,21
S„o LuÌs,MA,S„o Luiz - Ma,2014,354124,2111300,21
S„o LuÌs,MA,S„o Luiz - Ma,2013,350252,2111300,21
S„o LuÌs,MA,S„o Luiz - Ma,2012,348421,2111300,21
S„o LuÌs,MA,S„o Luiz - Ma,2011,337140,2111300,21
S„o LuÌs,MA,S„o Luiz - Ma,2010,324299,2111300,21
S„o LuÌs,MA,S„o Luiz - Ma,2009,277248,2111300,21
S„o LuÌs,MA,S„o Luiz - Ma,2008,277409,2111300,21
S„o LuÌs,MA,S„o Luiz - Ma,2007,235329,2111300,21
S„o LuÌs,MA,S„o Luiz - Ma,2006,217733,2111300,21
S„o LuÌs,MA,S„o Luiz - Ma,2005,180928,2111300,21
S„o LuÌs,MA,S„o Luiz - Ma,2004,169947,2111300,21
S„o LuÌs,MA,S„o Luiz - Ma,2003,161147,2111300,21
S„o LuÌs,MA,S„o Luiz - Ma,2002,176170,2111300,21
S„o LuÌs,MA,S„o Luiz - Ma,2001,179301,2111300,21
S√£o Paulo,SP,S„o Paulo - Sp,2000,3212039,3550308,35
S√£o Paulo,SP,S„o Paulo - Sp,2020,4845415,3550308,35
S√£o Paulo,SP,S„o Paulo - Sp,2019,4981557,3550308,35
S√£o Paulo,SP,S„o Paulo - Sp,2018,4903449,3550308,35
S√£o Paulo,SP,S„o Paulo - Sp,2017,4867306,3550308,35
S√£o Paulo,SP,S„o Paulo - Sp,2016,4952351,3550308,35
S√£o Paulo,SP,S„o Paulo - Sp,2015,5126131,3550308,35
S√£o Paulo,SP,S„o Paulo - Sp,2014,5308401,3550308,35
S√£o Paulo,SP,S„o Paulo - Sp,2013,5247904,3550308,35
S√£o Paulo,SP,S„o Paulo - Sp,2012,5237258,3550308,35
S√£o Paulo,SP,S„o Paulo - Sp,2011,5024883,3550308,35
S√£o Paulo,SP,S„o Paulo - Sp,2010,4873339,3550308,35
S√£o Paulo,SP,S„o Paulo - Sp,2009,4621085,3550308,35
S√£o Paulo,SP,S„o Paulo - Sp,2008,4489076,3550308,35
S√£o Paulo,SP,S„o Paulo - Sp,2007,4206171,3550308,35
S√£o Paulo,SP,S„o Paulo - Sp,2006,3905101,3550308,35
S√£o Paulo,SP,S„o Paulo - Sp,2005,3684599,3550308,35
S√£o Paulo,SP,S„o Paulo - Sp,2004,3499636,3550308,35
S√£o Paulo,SP,S„o Paulo - Sp,2003,3361671,3550308,35
S√£o Paulo,SP,S„o Paulo - Sp,2002,3360921,3550308,35
S√£o Paulo,SP,S„o Paulo - Sp,2001,3212022,3550308,35
Teresina,PI,Terezina - Pi,2000,124382,2211001,22
Teresina,PI,Terezina - Pi,2020,264128,2211001,22
Teresina,PI,Terezina - Pi,2019,277254,2211001,22
Teresina,PI,Terezina - Pi,2018,276138,2211001,22
Teresina,PI,Terezina - Pi,2017,278543,2211001,22
Teresina,PI,Terezina - Pi,2016,276922,2211001,22
Teresina,PI,Terezina - Pi,2015,289440,2211001,22
Teresina,PI,Terezina - Pi,2014,288912,2211001,22
Teresina,PI,Terezina - Pi,2013,278682,2211001,22
Teresina,PI,Terezina - Pi,2012,272722,2211001,22
Teresina,PI,Terezina - Pi,2011,254344,2211001,22
Teresina,PI,Terezina - Pi,2010,247035,2211001,22
Teresina,PI,Terezina - Pi,2009,231571,2211001,22
Teresina,PI,Terezina - Pi,2008,223795,2211001,22
Teresina,PI,Terezina - Pi,2007,194210,2211001,22
Teresina,PI,Terezina - Pi,2006,194864,2211001,22
Teresina,PI,Terezina - Pi,2005,188498,2211001,22
Teresina,PI,Terezina - Pi,2004,181883,2211001,22
Teresina,PI,Terezina - Pi,2003,171492,2211001,22
Teresina,PI,Terezina - Pi,2002,167932,2211001,22
Teresina,PI,Terezina - Pi,2001,154949,2211001,22
Vit√≥ria,ES,VitÛria - Es,2000,149116,3205309,32
Vit√≥ria,ES,VitÛria - Es,2020,209409,3205309,32
Vit√≥ria,ES,VitÛria - Es,2019,214335,3205309,32
Vit√≥ria,ES,VitÛria - Es,2018,215628,3205309,32
Vit√≥ria,ES,VitÛria - Es,2017,214828,3205309,32
Vit√≥ria,ES,VitÛria - Es,2016,212431,3205309,32
Vit√≥ria,ES,VitÛria - Es,2015,223673,3205309,32
Vit√≥ria,ES,VitÛria - Es,2014,238021,3205309,32
Vit√≥ria,ES,VitÛria - Es,2013,240100,3205309,32
Vit√≥ria,ES,VitÛria - Es,2012,236864,3205309,32
Vit√≥ria,ES,VitÛria - Es,2011,236030,3205309,32
Vit√≥ria,ES,VitÛria - Es,2010,232723,3205309,32
Vit√≥ria,ES,VitÛria - Es,2009,225746,3205309,32
Vit√≥ria,ES,VitÛria - Es,2008,219923,3205309,32
Vit√≥ria,ES,VitÛria - Es,2007,219264,3205309,32
Vit√≥ria,ES,VitÛria - Es,2006,201984,3205309,32
Vit√≥ria,ES,VitÛria - Es,2005,183087,3205309,32
Vit√≥ria,ES,VitÛria - Es,2004,171172,3205309,32
Vit√≥ria,ES,VitÛria - Es,2003,169165,3205309,32
Vit√≥ria,ES,VitÛria - Es,2002,169233,3205309,32
Vit√≥ria,ES,VitÛria - Es,2001,157922,3205309,32
